<?xml version="1.0" encoding="utf-8" ?><dwsync><file name=".DS_Store" server="roughlybrilliant.com/www/chapter7/" local="3433001445" remote="319519907825808220" Dst="-1" /><file name="babies1.jpg" server="roughlybrilliant.com/www/chapter7/" local="3433000915" remote="319519907825808220" Dst="-1" /><file name="babies10.jpg" server="roughlybrilliant.com/www/chapter7/" local="3433001073" remote="319519907825808220" Dst="-1" /><file name="babies11.jpg" server="roughlybrilliant.com/www/chapter7/" local="3433000157" remote="319519907825808220" Dst="-1" /><file name="babies12.jpg" server="roughlybrilliant.com/www/chapter7/" local="3433000096" remote="319519907825808220" Dst="-1" /><file name="babies13.jpg" server="roughlybrilliant.com/www/chapter7/" local="3432999932" remote="319519907825808220" Dst="-1" /><file name="babies14.jpg" server="roughlybrilliant.com/www/chapter7/" local="3433001005" remote="319519907825808220" Dst="-1" /><file name="babies15.jpg" server="roughlybrilliant.com/www/chapter7/" local="3432999835" remote="319519907825808220" Dst="-1" /><file name="babies16.jpg" server="roughlybrilliant.com/www/chapter7/" local="3432999769" remote="319519907825808220" Dst="-1" /><file name="babies17.jpg" server="roughlybrilliant.com/www/chapter7/" local="3432999697" remote="319519907825808220" Dst="-1" /><file name="babies18.jpg" server="roughlybrilliant.com/www/chapter7/" local="3432999623" remote="319519907825808220" Dst="-1" /><file name="babies19.jpg" server="roughlybrilliant.com/www/chapter7/" local="3432999423" remote="319519907825808220" Dst="-1" /><file name="babies2.jpg" server="roughlybrilliant.com/www/chapter7/" local="3433000832" remote="319519907825808220" Dst="-1" /><file name="babies20.jpg" server="roughlybrilliant.com/www/chapter7/" local="3432999334" remote="319519907825808220" Dst="-1" /><file name="babies22.jpg" server="roughlybrilliant.com/www/chapter7/" local="3432999166" remote="319519907825808220" Dst="-1" /><file name="babies21.jpg" server="roughlybrilliant.com/www/chapter7/" local="3432999239" remote="319519907825808220" Dst="-1" /><file name="babies23.jpg" server="roughlybrilliant.com/www/chapter7/" local="3432999044" remote="319519907825808220" Dst="-1" /><file name="babies24.jpg" server="roughlybrilliant.com/www/chapter7/" local="3432998935" remote="319519907825808220" Dst="-1" /><file name="babies25.jpg" server="roughlybrilliant.com/www/chapter7/" local="3432998839" remote="319519907825808220" Dst="-1" /><file name="babies26.jpg" server="roughlybrilliant.com/www/chapter7/" local="3432997123" remote="319519907825808220" Dst="-1" /><file name="babies3.jpg" server="roughlybrilliant.com/www/chapter7/" local="3433000766" remote="319519907825808220" Dst="-1" /><file name="babies4.jpg" server="roughlybrilliant.com/www/chapter7/" local="3433000692" remote="319519907825808220" Dst="-1" /><file name="babies5.jpg" server="roughlybrilliant.com/www/chapter7/" local="3433000589" remote="319519907825808220" Dst="-1" /><file name="babies7.jpg" server="roughlybrilliant.com/www/chapter7/" local="3433000420" remote="319519907825808220" Dst="-1" /><file name="babies6.jpg" server="roughlybrilliant.com/www/chapter7/" local="3433000483" remote="319519907825808220" Dst="-1" /><file name="babies9.jpg" server="roughlybrilliant.com/www/chapter7/" local="3433000257" remote="319519907825808220" Dst="-1" /><file name="babies8.jpg" server="roughlybrilliant.com/www/chapter7/" local="3433000351" remote="319519907825808220" Dst="-1" /></dwsync>